crossing_id,river_osm_id,river_name,road_osm_id,road_type,is_pedestrian,elev_m,slope_deg,slope_pct,catchment_area_km2,flow_acc_cells,stream_order,mean_precip_mm,flood_Q10,flood_Q50,ntl_500m,ntl_2km,ntl_cv_2km,pop_500m,pop_2km,pop_total_2km,travel_time_min,agri_suit_500m,agri_suit_2km,road_dens_2km,road_count_2km,rwi_2km,rwi_dist_km,dep_ratio_2km,dist_kampala_km,log_ntl_2km,log_pop_2km,log_catchment,log_flood_Q50,log_road_dens,log_travel_time,dist_kampala_km_s,elev_m_s,dep_ratio_clamped,dep_ratio_logit
XNG-00001,756206304,NA,42507045,tertiary,FALSE,1107.5264892578125,2.456391967155717,4.291687843643806,0.1434732723591727,395.974609375,1,1183.7506103515625,3.3327694790736597,5.853892959545085,0,0,0,286.9549142760403,280.97623689065216,3601.3778533935547,28.078264236450195,95.56244659423828,95.47008412679035,0.42865712331520833,2,0.106,0.9864421245496966,0.5543063106268796,200.67062685085105,0,5.6418228010423,0.13407036066942468,1.9248168061062307,0.35673492846027083,3.3699909616283485,-1.3145109397649433,-1.2047576935698707,0.5543063106268796,0.21808552027839695
XNG-00002,460592787,Oued Froha,73324369,secondary,FALSE,2022.8226318359375,4.918659132060617,8.622449312618999,43.497707266429565,120050.1484375,4,1070.485107421875,198.29658805864813,348.30101752521375,NA,0,0,NA,503.310478982644,2147.7908325195313,13.22913646697998,NA,89.5443359375,0.5732362431239214,6,-0.386,116.47808097536286,0,297.8001242865865,0,6.223192108130415,3.795437665742179,5.855934064849522,0.4531347991463579,2.6552917262814946,0.4286895905416793,0.8301255507109766,0.001,-6.906754778648554
XNG-00003,400119430,Oued et Tat,79670099,tertiary,FALSE,1859,2.6365212388884496,4.607606897711316,0.7423081816528271,2048.71044921875,2,1077.7991943359375,10.215860079771522,17.943800725543813,0.2605676185339689,0.25058855550984543,1.1832385565455563,1111.11379277867,1131.9196458597746,13528.601013183594,0.6684512495994568,92.73078918457033,92.80093547276088,1.0751079498302896,10,-0.455,33.790955396298244,0,284.5253700121035,0.22361428490964014,7.032553336941704,0.5552107753278092,2.9414767395132353,0.7300131763440569,0.5118958006820191,0.1904451920644866,0.46591563760246,0.001,-6.906754778648554
XNG-00004,400125200,NA,79670099,tertiary,FALSE,1836.214599609375,4.224344639584076,7.393284628557605,0.1316896915374678,363.452880859375,1,1070.6846923828125,2.87459332846474,5.049122584899637,0,0.01459520057601443,3.1466246517375147,1015.4565052873232,1012.6748867193036,12967.66436767578,3.777536869049072,93.38861846923828,93.08284708658854,2.216034147066685,34,-0.455,35.129193048601756,0,286.3764901187161,0.0144897157785453,6.9213375082029165,0.12371181811860792,1.7999132342359596,1.168148969129345,1.5639251143289021,0.22366757699078926,0.41525921361872675,0.001,-6.906754778648554
XNG-00005,400125201,NA,79670099,tertiary,FALSE,1833.37158203125,2.449428009085877,4.280394782853681,1.547600301184192,4271.25146484375,2,1077.7991943359375,17.46623759236898,30.678835099068873,0,0.1577048056711585,1.537879391479943,1111.11379277867,1096.5707705311067,13105.980590820313,0.6684512495994568,92.73078918457033,92.91639110020228,1.7297331089321688,18,-0.455,34.253253339457665,0,285.17347996228807,0.1464394292714255,7.000854626270003,0.935151857737783,3.4556487954074355,1.0042038421219148,0.5118958006820191,0.2020769377100999,0.4089386266919347,0.001,-6.906754778648554
XNG-00006,400125202,NA,79670099,tertiary,FALSE,1830.385498046875,2.8267408612855647,4.9395231119422025,1.6076196125911049,4436.89990234375,2,1071.9447021484375,17.875227997237428,31.397212432579007,0,0.07551926579968683,2.0288474546951227,1104.1155208120529,1064.7404657599498,14543.397705078123,2.3303327560424805,93.09960174560548,93.01048707962036,2.088585514656501,30,-0.455,34.65932676812514,0,285.742905554205,0.07280358290754584,6.971425109567255,0.9584377793588397,3.47807238306546,1.1277132238574445,1.2030722257394921,0.21229652104992394,0.4022999750215531,0.001,-6.906754778648554
XNG-00007,467543100,NA,90038610,secondary,FALSE,1993.1956787109375,4.393796689370099,7.687463526164784,1.915367726006364,5286.259765625,2,1406.6427001953125,25.59125397843207,44.95014204580173,0,0,0,314.80656023774566,303.36621216156084,3625.565933227539,29.00074577331543,89.95576477050781,90.06740733555385,0.800448587834826,7,-0.386,89.77420799389971,0,278.98088074022917,0,5.718231621671592,1.0699959614196342,3.8275569401092513,0.588035849316896,3.401222240463687,0.09093724757619594,0.7642590101579438,0.001,-6.906754778648554
XNG-00008,467543100,NA,90039244,secondary,FALSE,1992.24169921875,7.615878060806629,13.390687632006268,0.28968493641640713,799.5069580078125,1,1501.0579833984375,6.811378647168644,11.963948229188338,0,7.721311333826033e-4,7.671210634126308,538.9858710966417,723.4930311164533,9264.061737060549,4.704050064086914,89.55906677246094,89.716552734375,0.5005971613531716,2,-0.386,98.40381652408637,0,280.130963846444,7.718331934949452e-4,6.585472142827593,0.25439795320715536,2.562172291842473,0.405863136453153,1.7411764600873119,0.11157799558353361,0.7621381262235136,0.001,-6.906754778648554
XNG-00009,467543100,NA,90041201,secondary,FALSE,1988.1669921875,8.305554969744248,14.62731350551952,23.93964625123686,66071.484375,4,1373.82568359375,158.52183375395882,278.4380535087006,0,0.01089165591802753,4.596126371642326,383.9001231034582,360.5929722652257,4309.805709838867,19.346498489379883,88.9996337890625,88.73402186802456,0.5407745146732809,4,-0.386,81.2698843628136,0,272.58751469296715,0.010832769031659452,5.890519193221928,3.2164587561591897,5.632780634788303,0.432285221603852,3.0129088326798894,-0.02380564081777946,0.7530792515298116,0.001,-6.906754778648554
XNG-00010,459344490,Oued Mina,92367313,primary,FALSE,2229.998291015625,3.4738689979841544,6.073356493960979,0.144909741539697,399.9391479492187,NA,1070.485107421875,3.0820240910035697,5.413467460248361,NA,0,0,NA,132.96229405940602,453.7872314453125,NA,NA,80.67484474182129,0.32502429314685555,1,-0.455,89.46796406900458,0,323.69408619989474,0,4.897558372737615,0.1353258055494757,1.8584000701109005,0.28143079372056856,NA,0.8934131743209912,1.290717765488722,0.001,-6.906754778648554
XNG-00011,1221776076,NA,190996106,tertiary,FALSE,1093.64501953125,1.7224406608763865,3.0078337991938873,38.75203752191222,106952.484375,4,998.30712890625,171.75952138526443,301.68958857949576,0,0,0,38.75782418907173,38.7454663955829,529.7083358764648,70.5420913696289,93.77210235595705,93.8538737297058,3.3287351636405735,115,-0.998,4.139128967604061,0.22282069812641844,260.9805826169313,0,3.6824957816544988,3.6826610981995596,5.712707820257736,1.4652753893282338,4.270285966974014,-0.2321173348380813,-1.2356189294459552,0.22282069812641844,-1.2493036817213166
XNG-00012,1221776064,NA,191125746,tertiary,FALSE,1091.4964599609375,1.9951495438121092,3.484614231991908,0.9065226934359636,2501.92919921875,2,1006.0665283203124,11.148344769728384,19.581677451100987,0,0,0,38.94851789435884,38.9549161218122,466.00354766845703,68.80235290527344,93.62859344482422,93.69857570103235,3.5806440765672964,112,-0.998,2.235307497519484,0.2932596919900656,259.0804886389624,0,3.6877517215077966,0.6452810034368569,3.0244012358840955,1.5218396163103554,4.245667718444788,-0.26621866262698884,-1.2403955997120981,0.2932596919900656,-0.8796047457646013
XNG-00013,467543100,NA,200000483,primary,FALSE,1945.709228515625,4.07568939896517,7.127114711805832,7.3845280496581,20380.69921875,3,1450.5823974609375,70.35223599929282,123.57124055246196,0,0,0,352.13900020011585,352.8174878817922,4216.53125,21.50713157653809,90.73912048339844,90.865234375,0.9871765178402464,13,-0.386,93.10124776172034,0,279.78061308497087,0,5.868781209225981,2.1263881086175362,4.824877765525961,0.6867147959804044,3.113832217946744,0.10529018756108027,0.6586872969847174,0.001,-6.906754778648554
XNG-00014,244518796,NA,202799796,primary,FALSE,1050.119140625,1.8798054439383884,3.28269223834193,4695.469335429129,12959115,8,1305.6761474609375,7159.407546537065,12575.248811638852,0,0,0,287.596349671891,298.0694253488931,3566.512664794922,93.39012908935548,94.6902084350586,94.72971888950892,2.512489486330539,131,-0.213,1.92777614138082,0.539542173047079,144.91366781201674,0,5.70067573824066,8.454566300174275,9.439565299113768,1.2563250414398794,4.547436502952778,-2.315191094926756,-1.3323855141159715,0.539542173047079,0.15849968174956172
XNG-00015,79657769,Oued Tifrit,207062969,secondary,FALSE,1610.22021484375,5.23895077927168,9.176902316337408,0.7199266406037714,1986.939208984375,2,1880.9483642578125,16.037328316599865,28.16900596093765,0,0.0701710325103767,2.6535325299136487,529.0998793722499,698.1297833273993,9538.001983642578,9.578590393066406,77.4444351196289,77.74633264541626,0.45676960962427066,4,-0.386,66.4929071601528,0,253.426251069538,0.06781847916785066,6.549836394995549,0.5422816391040292,3.373106705854265,0.37622138816497797,2.3588321843842994,-0.36769627951697226,-0.08717072732454205,0.001,-6.906754778648554
XNG-00016,244523459,NA,244157805,primary,FALSE,1054.0692138671875,3.574584827346857,6.253371878418812,5663.551009839118,15630942,8,1292.77294921875,8140.292543288492,14298.138982309332,0,0,0,287.5958582782192,295.6144617639748,3537.145248413086,92.0438995361328,94.75648880004884,94.78996767316546,3.2541700274121657,145,-0.213,1.1322082142573175,0.5154616623102715,145.34258970872392,0,5.692433186991153,8.641982913452468,9.567954603407923,1.4478996848115098,4.533071419801289,-2.3074931566326264,-1.3236037248345605,0.5154616623102715,0.061866374220345646
XNG-00017,244523459,NA,244157819,primary,FALSE,1047.913818359375,1.876494301943218,3.277389975155101,4876.27790309427,13458132,8,1297.419189453125,7320.050815629358,12857.413092079592,0,0,0,287.596349671891,292.41710341995133,3998.7288970947266,90.95494842529295,94.690460205078125,94.76566791534424,3.215219422900888,145,-0.213,1.3327020816078852,0.4812265719470898,145.14253117652473,0,5.681595157874725,8.492342536472156,9.461753591427716,1.4387016477265988,4.521298766081808,-2.311083643030981,-1.3372883790116101,0.4812265719470898,-0.07512903028812838
XNG-00018,244523459,NA,244523623,primary,FALSE,1054.9921875,3.061285420732443,5.350529719230741,0.26297410658810183,725.7872314453125,1,1292.77294921875,5.590126789401261,9.818862078794607,0,0,0,287.5958582782192,300.5302851318184,3852.818115234375,92.0438995361328,94.8366527557373,94.80341135660808,2.476886916544174,111,-0.213,1.515218356267764,0.4388390297317333,145.73965529530892,0,5.70887045932106,0.23346934164441988,2.381291099569332,1.2461373292135907,4.533071419801289,-2.300366949256135,-1.321551773020328,0.4388390297317333,-0.24587512792666188
XNG-00019,459350872,NA,262787572,tertiary,FALSE,2140.4375,3.0757634620680365,5.377870410680771,1.2793537965154371,3530.912841796875,2,969.0791625976564,13.886724179187736,24.391545054081103,0,0,0,197.940072672122,189.91601117122343,2592.8499298095703,19.717485427856445,82.32239532470703,82.60633134841919,0.9155820077104728,6,-0.455,81.87041464696439,0,317.5850234748745,0,5.251833599248288,0.8238919802136305,3.234416246723776,0.6500214969335797,3.030978050367165,0.7837727286986127,1.0916065221386733,0.001,-6.906754778648554
XNG-00020,274091059,Wassel,274091058,primary,FALSE,1346.4180908203125,24.269831884474986,45.72684441293989,602.0124609458678,1661505.625,5,749.79736328125,997.4831831349252,1752.0443041986657,0,0,0,68.06190890950123,80.21718973177464,958.279037475586,59.632137298583984,98.9978485107422,99.08271244594027,0.6316855879275065,10,-0.519,48.303925307658446,0,339.32514586173755,0,4.397126920967274,6.40193786143219,7.469109157961062,0.48961358352547696,4.104825070964612,1.173946608665251,-0.6736547044873453,0.001,-6.906754778648554
XNG-00021,274091055,NA,274091062,primary,FALSE,1348.8995361328125,24.516143111295477,45.98852774154308,0.46997224571743895,1297.0853271484375,2,750.96514892578125,5.382459721257101,9.454102140919646,0,0,0,81.29043479451391,79.9668445127116,955.2926750183104,108.89932250976564,99.45279693603516,99.36400713239398,0.33201909652260453,3,-0.519,46.37995582603342,0,341.0058895280266,0,4.394039743871713,0.3852435201480795,2.3469944507537743,0.28669590874410955,4.699564696784257,1.2041112170255805,-0.6681379637811268,0.001,-6.906754778648554
XNG-00022,328182910,Oued Maoussa,280963945,secondary,FALSE,2235.417236328125,7.452679650167401,13.089681469992303,1.185944797851664,3273.111572265625,1,1248.7724609375,16.299307050028876,28.629162438245793,0,0,0,348.01670870754435,348.5838383746537,4164.608612060547,25.265629529953003,82.15018272399902,81.9595707484654,1.699834486459027,53,-0.386,120.32523063710464,0,305.85974671802126,0,5.856743413807338,0.7820481368516267,3.3887590938300822,0.9931904698198097,3.2682612225159082,0.5733370814426176,1.3027651461179257,0.001,-6.906754778648554
XNG-00023,328182910,Oued Maoussa,280963947,unclassified,FALSE,2246.395751953125,3.959357817967733,6.93085934647492,1.033919452984772,2853.533935546875,1,1236.1719970703125,14.619537074589308,25.67870526002714,0,0,0,364.8856829826755,348.5838383746537,4164.608612060547,32.11354446411133,82.12689208984375,81.9595707484654,1.808013807479328,56,-0.386,120.34521996927737,0,305.9339418143235,0,5.856743413807338,0.7099646965397836,3.283865691385138,1.0324774033449682,3.4999423969957406,0.5746686741578559,1.3271725443939226,0.001,-6.906754778648554
XNG-00024,333704164,Oued Haddad,293120344,secondary,FALSE,NA,NA,NA,0.01,NA,NA,1070.485107421875,0.4377587084351113,0.7689078519766444,NA,NA,NA,NA,NA,NA,NA,NA,NA,0.5347165817258857,2,-0.455,103.22400853422069,NA,324.3073312543279,NA,NA,0.009950330853168083,0.5703623233611104,0.4283457266794669,NA,0.9044191934224807,NA,NA,NA
XNG-00025,1289685265,NA,293941256,unclassified,FALSE,1072.880859375,1.7035024220890864,2.9749589357305988,0.17357658439362025,479.0573120117187,1,1354.7509765625,4.29536764759628,7.544662956380207,0,0,0,380.9404210666973,420.1284554672767,5026.8988037109375,67.98443603515625,94.62274932861328,94.39693232945034,0.6634750324986951,23,0.036,1.4545829763994549,0.6255441301478885,154.05671952155214,0,6.042937907017546,0.1600559956994158,2.1453068724169357,0.508908807345841,4.233880914445834,-2.1510991042394956,-1.2817817390744364,0.6255441301478885,0.5131479207106519
XNG-00026,1289685266,NA,293941256,unclassified,FALSE,1059.4873046875,1.7502925955625468,3.056590810764668,3.2021582111547007,8837.697265625,2,1301.7291259765625,34.86639303084199,61.24159920736801,0,0,0,422.0800873274675,430.26687689633934,4780.4718017578125,66.99354553222656,94.24744415283205,94.18649174616888,0.6051971183649534,6,0.164,0.7697944224592118,0.6804897259464383,155.00837696578145,0,6.066727102411913,1.4355982531073257,4.13102357374583,0.47324656422146866,4.21941278202732,-2.1340195372156017,-1.3115582439094566,0.6804897259464383,0.7560232942138354
XNG-00027,328182910,Oued Maoussa,304016059,secondary,FALSE,2203.927001953125,8.623260330879825,15.185429178435228,0.30103661448858327,830.836669921875,1,1307.38623046875,6.229119810495468,10.94123095875132,0,0,0,391.24828021372355,362.36974169913145,4329.312103271484,NA,82.87397003173828,82.38014548165458,2.010975865414983,31,-0.386,121.95916513279084,0,306.0713742579079,0,5.895420888046114,0.2631613424768447,2.4799971980233004,1.102264233995863,NA,0.577135198899181,1.232756165081829,0.001,-6.906754778648554
XNG-00028,244518796,NA,309991971,secondary,FALSE,1049,1.5664942238133348,2.735496715750811,44.50963687634274,122842.9921875,4,1306.1453857421875,238.8116497825984,419.4643056165607,0,0,0,287.5973725801374,303.00437349973384,3884.520385742187,82.16883087158203,94.84239196777344,94.85587717692056,1.0170994364184265,55,-0.322,2.308505415182661,0.4627350081779924,145.03264937454355,0,5.717042087815019,3.8179241030106215,6.041359590237036,0.7016605569232105,4.420872648688877,-2.3130557114606707,-1.3348735837142895,0.4627350081779924,-0.14933688618357455
XNG-00029,467543100,NA,332557497,tertiary,FALSE,1988.1705322265625,3.6232428592304857,6.338839627975641,0.5734294740121583,1582.618896484375,2,1559.789306640625,11.584777991350755,20.348257131876537,2.4512897729873657,0.7257097769400169,1.5405946450231858,1891.962799522045,1554.8532013056222,21236.684509277344,0.5744283199310303,86.79071807861328,87.55399131774902,0.6326546304073942,10,-0.386,100.05789808121624,0,279.5460607035331,0.5456384307476212,7.3497793566537775,0.45325761542609644,3.06097010317509,0.4902072976873221,0.45389223491514513,0.10108063385699034,0.7530871217325114,0.001,-6.906754778648554
XNG-00030,333704164,Oued Haddad,333377807,secondary,FALSE,2316.153564453125,2.137260644696653,3.732950950126079,1.1126364160389743,3070.786376953125,2,1155.443603515625,14.5634941603339,25.580267842362325,0,0,0,315.0738596118679,299.779430027283,3069.3912658691406,26.764415740966797,77.09733009338379,77.60507520039876,0.9209368012321456,6,-0.557,106.38761070256876,0,319.04455034007384,0,5.706377205519568,0.7479366538040262,3.28016913007264,0.6528129843551537,3.323755191467186,0.809967119409793,1.4822578738416199,0.001,-6.906754778648554
XNG-00031,328182912,Oued Maoussa,333516228,unclassified,FALSE,2286.916748046875,4.825644726163886,8.448629582865854,20.98253387017177,57910.09375,3,1143.490234375,123.18140151127346,216.36382101475752,0,0,0,179.4298794254266,219.8721990144472,2626.5514068603516,NA,78.95683288574219,78.72230638776507,1.6799958386553069,16,-0.386,124.98062084622453,0,315.0056883444467,0,5.397584249243989,3.090248223048715,5.38157254416287,0.9858152417810027,NA,0.7374809379871949,1.4172586839033585,0.001,-6.906754778648554
XNG-00032,333704164,Oued Haddad,333522725,tertiary,FALSE,2312.39794921875,5.712031752564187,10.021589367888694,3.2996266091376496,9106.7021484375,3,1161.9652099609375,32.35822700533769,56.83609335697514,0,0,0,311.37046124531577,304.0094551493504,2593.912124633789,NA,76.90166473388672,77.47332763671875,0.829672321965092,10,-0.557,105.44332390410452,0,319.620640343416,0,5.7203427766165795,1.458528183844865,4.057613033331794,0.6041368917848777,NA,0.8203063101380771,1.4739084029360945,0.001,-6.906754778648554
XNG-00033,333704164,Oued Haddad,333522732,tertiary,FALSE,NA,6.960307729655299,12.214639203301791,0.3696167337634853,1020.1122436523438,1,1070.485107421875,6.10510982041638,10.723411750913696,NA,0,0,NA,234.50968245078545,600.26885986328125,NA,NA,77.02306874593098,0.9477244973462304,6,-0.557,104.01917784770598,0,321.4656589311919,0,5.4617520270519995,0.3145309443239005,2.4615878468127854,0.6666617667513671,NA,0.8534191900102754,NA,0.001,-6.906754778648554
XNG-00034,459344490,Oued Mina,333527565,tertiary,FALSE,2220.457275390625,8.60112465690164,15.178905742308674,0.9168282070703924,2530.37158203125,2,1040.38037109375,11.565776662671356,20.314881963003693,0,0,0,172.28313006200514,165.9852281170375,1982.774513244629,52.31973775227865,79.25496673583984,76.40145111083984,0.7218560271443472,8,-0.455,76.95764276898602,0,323.74323456595823,0,5.117905354115438,0.6506718445393953,3.0594055124586403,0.5434027945800892,3.9763065769240438,0.8942952488714363,1.26950621228142,0.001,-6.906754778648554
XNG-00035,459344490,Oued Mina,333600431,unclassified,FALSE,2100.42333984375,4.752261058021994,8.31954994061414,0.39995256118495515,1103.836669921875,1,988.464111328125,6.043300933443679,10.614846603951484,0,0,0,142.92072923888878,143.13136630856346,1343.3715744018557,36.100632985432945,84.110992431640625,84.27302967418323,0.696190921402623,4,-0.455,82.10268159353507,0,323.6967552359849,0,4.970725149745934,0.33643835117921866,2.452284159415532,0.5283851026157416,3.6136340310698083,0.8934610759909326,1.0026471785468003,0.001,-6.906754778648554
XNG-00036,337887959,NA,337887958,secondary,FALSE,1596.930419921875,4.939876534295886,8.681808228070816,1.7679412055414176,4879.37451171875,2,913.54144287109375,16.724832696713843,29.37658334535496,0,0,0,83.65183906940698,82.53522270801074,1127.150478363037,48.536155700683594,99.6764144897461,99.54249238967896,1.9366616369765075,52,-0.245,28.532116978663616,0,317.4508097981588,0,4.425268371750489,1.0181037967572255,3.4136720268982166,1.0772734385576856,3.9027028211447266,0.7813639717442175,-0.11671655380456993,0.001,-6.906754778648554
XNG-00037,328182910,Oued Maoussa,338791989,track,TRUE,2193.46044921875,3.646448735580888,6.377514828776205,4.113046727079193,11351.67578125,2,1164.724853515625,38.08207115091177,66.88982529244122,0,0,0,274.0960731289661,298.1112977149643,3815.924575805664,34.52500534057617,83.0879135131836,82.88562774658203,1.0734334249591853,18,-0.386,118.631031656752,0,307.42203354619073,0,5.700815737289527,1.6317954549333165,4.2178861749186,0.7292058926215312,3.57023682431605,0.6013757236600138,1.2094869609479948,0.001,-6.906754778648554
XNG-00038,1085645730,NA,356871809,secondary,FALSE,1664.9884033203125,8.580066331597262,15.105236619017845,0.30691630808407516,847.06414794921875,1,924.2440185546876,4.704727621077765,8.263689424226069,0,0,0,68.77605023077372,74.92174640952238,895.293098449707,58.15763854980469,99.2720947265625,99.43687547956196,2.362816165092831,59,-0.245,27.163421728101927,0,316.2571730452037,0,4.32970315732375,0.2676703989912918,2.2261023952498884,1.2127787673011226,4.080205720714019,0.7599415586186731,0.03458972141575172,0.001,-6.906754778648554
XNG-00039,318380924,NA,356873987,primary,FALSE,1928.0477294921875,3.091520908508408,5.404991977000504,0.5489343738449273,1515.014404296875,1,1129.6490478515625,8.52988508053379,14.98244464016883,0,0,0,383.2900167118736,383.77778226728617,4914.048614501953,38.635498046875,90.77272033691406,90.82555135091144,0.7561104576834886,7,-0.557,68.60107904073487,0,284.1737504678808,0,5.9526659787339975,0.43756719374893643,2.7714909098747906,0.563101396243434,3.67972513204529,0.1841346129702132,0.6194223129431092,0.001,-6.906754778648554
XNG-00040,459344490,Oued Mina,359246153,secondary,FALSE,2090.963134765625,5.88290391320532,10.316446190530604,0.6737873522535773,1859.5985107421875,2,986,8.824870083024818,15.500575474028237,0,0,0,157.16832215057661,149.57247112152,1020.9585800170898,NA,83.22450256347656,82.70902252197266,0.5731115333659873,2,-0.455,87.00818656944882,0,323.13943255768487,0,5.0144445039789876,0.5150889342812274,2.8033952575121717,0.4530555264359911,NA,0.8834587058148974,0.9816152830700923,0.001,-6.906754778648554
XNG-00041,359373187,NA,359246177,secondary,FALSE,2092,1.7820062355766462,3.111977219624922,2.0716249659142094,5717.51708984375,2,965.07940673828125,19.67328936263197,34.55544429763998,0,0,0,173.1220185024831,184.78241362296055,2207.55908203125,18.336545944213867,84.41573333740234,84.58980178833008,0.3947179540183825,2,-0.455,77.39860714383374,0,313.02451771088903,0,5.224576169709197,1.122206726424749,3.5710932893237817,0.33269221133212246,2.9619968776019863,0.7019245129029341,0.9839204383022164,0.001,-6.906754778648554
XNG-00042,374802618,NA,374414410,unclassified,FALSE,2427,4.222612593063088,7.395055043835972,4.711939134946774,13004.5703125,3,1209.19970703125,43.41605391300954,76.2587793510513,0,0,0,202.87472436641735,222.21940037283508,1516.8416900634766,NA,69.32012176513672,69.72261428833008,1.653778987691903,20,-0.386,133.4149889968828,0,319.0568292843469,0,5.40815514596303,1.7425585693339383,4.347160557877645,0.9759846572698397,NA,0.810187491827375,1.7286912890937116,0.001,-6.906754778648554
XNG-00043,1221776062,NA,389684830,primary,FALSE,1090.1070556640625,1.8259307593107224,3.188931310527465,0.9535813839832344,2631.807373046875,3,1009.6347045898438,11.602779972069316,20.379876981028403,0,0,0,38.8956820372944,40.22196887742397,481.1630516052246,58.00112533569336,93.55866241455078,93.57766505650112,2.665185283337195,64,-0.998,1.1669969409271586,0.31965582088284983,257.99259063469185,0,3.718971339421645,0.6696642952457902,3.0624501516527682,1.2988788888594531,4.077556517210151,-0.2857433634442524,-1.2434845185785965,0.31965582088284983,-0.7553539586588889
XNG-00044,1221776060,NA,389684848,secondary,FALSE,1088.1182861328125,2.5879085540771483,4.521569104755626,0.9722267561579232,2683.26708984375,3,1009.6347045898438,11.76796082950812,20.67001137660663,0,0,0,39.22594644548808,41.338372128368135,565.1637153625488,58.00112533569336,93.52789306640624,93.56616401672365,2.5055126479226817,56,-0.998,1.005289350580792,0.277499695917697,257.7864211218927,0,3.7456938173617367,0.6791632374795381,3.075929340541514,1.2543367716808216,4.077556517210151,-0.2894435247086747,-1.247905944178051,0.277499695917697,-0.9568980034678526
XNG-00045,1221776060,NA,389684849,secondary,FALSE,1088.681640625,2.5888523685521094,4.52316349128197,0.9722267561579232,2683.26708984375,3,1009.6347045898438,11.76796082950812,20.67001137660663,0,0,0,39.22594644548808,41.338372128368135,565.1637153625488,58.00112533569336,93.52789306640624,93.56616401672365,2.49490495682165,56,-0.998,0.9948724396909364,0.277722869245375,257.774617839651,0,3.7456938173617367,0.6791632374795381,3.075929340541514,1.2513061812735626,4.077556517210151,-0.28965536033437356,-1.2466534964035922,0.277722869245375,-0.955785159592308
XNG-00046,391432791,NA,391432787,primary,FALSE,1077.5419921875,3.3964272472499446,5.938973761078986,3.080770052581159,8502.67578125,3,1256.6607666015625,32.896362927897215,57.78131027285529,0,0,0,337.06756973417413,332.05289172241197,3973.2129821777344,62.760841369628906,95.31134796142578,95.37602942330496,0.3884569960387459,5,-0.219,1.1082653673881828,0.5733390307122681,134.74072945280113,0,5.808301311368896,1.4062857089849585,4.073823951876307,0.3281930557609599,4.155139230279915,-2.4977666462343735,-1.2714191245955773,0.5733390307122681,0.2954875034543346
XNG-00047,400119435,NA,400115507,unclassified,FALSE,1848.3953857421875,3.5294740934704625,6.169696705285893,11.60839947422784,32038.2421875,3,1081.4102783203125,76.25476550225264,133.93882706507236,0.4341177083551884,0.1896587098806591,1.4057266599887617,1165.6724107499929,1145.074876955223,14663.446166992188,1.155488133430481,93.0670394897461,92.88575693766276,0.9312332067713666,9,-0.455,32.760573379407035,0,284.2308453805613,0.17366646756929202,7.044098232797536,2.534363216800443,4.904821542891399,0.6581587661031952,0.7680172099384397,0.18515930561961463,0.44233949556333574,0.001,-6.906754778648554
XNG-00048,400119437,NA,400115507,unclassified,FALSE,1865.2103271484375,3.431799953353816,6.003019728194708,0.6929798454740083,1912.5682373046875,2,1077.7991943359375,9.715708501696982,17.06530198148735,0.11718278129895528,0.21085465426246325,1.33383949864284,1111.11379277867,1135.8961557788914,14545.846069335938,0.6684512495994568,92.73078918457033,92.87526346842448,1.315750183915088,11,-0.455,33.644617378139536,0,284.6917862348123,0.19132643611470126,7.036057157810751,0.526490198457579,2.8939930808444614,0.8397336885712293,0.5118958006820191,0.19343189389386162,0.47972241561450574,0.001,-6.906754778648554
XNG-00049,400125200,NA,400119452,track,TRUE,1806.1422119140625,2.2203378656575845,3.878549117681592,664.4511594858396,1833831.375,6,1072.835693359375,1453.592011268504,2553.1834992622385,0,0.01699711279622439,3.0517572603933236,939.4636155159044,892.1971351315193,9901.5447998046875,3.527519941329956,93.47882843017578,93.17118131197417,2.8323274992386467,65,-0.455,34.64843825526558,0,286.89350378740437,0.0168542781206275,6.7948073125398105,6.5004652459397025,7.845487881804131,1.3434723207674595,1.5101743152560587,0.2329465141337459,0.34840238445702654,0.001,-6.906754778648554
XNG-00050,400119430,Oued et Tat,400120625,unclassified,FALSE,1867.649658203125,3.970578900883707,6.9452343094214966,0.7196684720068437,1986.2266845703125,NA,1086.783935546875,10.058186775617004,17.66685308458219,0,0.03615883036206166,2.625611596929743,1104.1422600650972,1065.6186902175075,13645.62823486328,1.6862986087799072,92.76476287841795,93.01131439208984,0.5784690640652025,6,-0.455,35.99912801936345,0,285.3909732770853,0.03552044324662758,6.972248821187084,0.5421315234136875,2.926749388691219,0.45645543051229986,0.9881642642152029,0.20598032928219742,0.4851455280472273,0.001,-6.906754778648554
XNG-00051,400125200,NA,400125205,track,TRUE,1807.9295654296875,2.685057711338296,4.692235614622341,500.0395857594449,1380068.75,6,1070.6846923828125,1179.171070921387,2071.1727209181463,0,0.01760415253894669,2.9937677297192966,977.460060401614,926.235803714334,12651.454284667969,3.777536869049072,93.43372344970705,93.11847496032716,2.4981169009609423,46,-0.455,34.891979511218,0,286.68090329563586,0.017450994313699068,6.832207906157416,6.216685111455369,7.636352959421642,1.2522247954093342,1.5639251143289021,0.22913093493506295,0.35237602266149576,0.001,-6.906754778648554
XNG-00052,400125202,NA,400125210,track,TRUE,1830.396484375,4.01953419323924,7.03422191825717,2.21887509844622,6123.91552734375,2,1070.7711181640625,22.59489853079025,39.687148559639475,0,0.085666166121761,2.07546595573367,1103.3468030346974,1053.154797910969,13486.119018554688,1.866507887840271,93.147308349609375,93.07022857666016,2.3825706375156552,42,-0.455,34.079699086234825,0,285.7895821201971,0.08219377657745645,6.960494585405598,1.1690319502113535,3.7059122823803805,1.2186359640718514,1.0530945250946864,0.2131342337606708,0.40232439978855233,0.001,-6.906754778648554
XNG-00053,405103828,NA,405103825,unclassified,FALSE,1923.9024658203125,16.171288534652355,29.171309842619785,1.7271954161144991,4766.91943359375,2,1075.3868408203125,18.887763981906,33.17569645589791,0,0,0,261.58763019513793,257.6180638092088,3297.8535919189453,96.326690673828125,88.51128387451172,88.67935028076172,0.9530484280945776,12,-0.245,52.12917081687718,0,319.1821681441264,0,5.555352316215323,1.0032737610373053,3.5315147615069096,0.6693914483585242,4.5780732647695075,0.812436970848722,0.6102065769680125,0.001,-6.906754778648554
XNG-00054,405103828,NA,405103826,primary,FALSE,2027.8690185546875,17.93739821190058,32.66411904401557,0.8573151484920616,2366.120361328125,2,1067.0155029296875,11.251979761886078,19.76370868811383,0,0,0,262.9097287519438,254.7499643903735,3043.74267578125,103.53345489501952,88.17988395690918,87.8673825945173,0.9246761792266064,12,-0.824,51.6979765255833,0,318.7764033521417,0,5.5442002655956495,0.6191319763680992,3.033206688205317,0.6547577350058336,4.649507162706251,0.8051546372709587,0.8413446603526075,0.001,-6.906754778648554
XNG-00055,459344490,Oued Mina,431522473,secondary,FALSE,2368.632080078125,12.978572189807892,23.16779175258818,3.822429119564034,10549.5947265625,2,1178.86279296875,36.47059281018935,64.05931998073379,0,0,0,343.09540857783617,294.9434068861471,4026.9310913085938,30.901836395263672,72.35768127441406,70.8071928024292,0.6618309992612943,6,-0.455,65.80196026560172,0,319.68445857584237,0,5.6901682430921525,1.5732777678284642,4.175299468803889,0.5079200061012937,3.4626635753835133,0.821451667414145,1.598927929752981,0.001,-6.906754778648554
XNG-00056,459344490,Oued Mina,431524358,secondary,FALSE,2054.308837890625,2.8542711388233095,4.988878618839175,2.521209146140607,6958.3330078125,3,977.1210327148436,22.94678488909019,40.30522463371123,0,0,0,140.28768804527638,140.4005111625874,1677.1416702270508,44.40704727172851,85.926422119140625,84.39928490774972,1.1747416208660144,12,-0.455,79.94946758713112,0,323.0277938923377,0,4.951596368467165,1.258804438051146,3.720988996414188,0.7769098624798307,3.815667319250481,0.881455106642929,0.9001255759991734,0.001,-6.906754778648554
XNG-00057,438420777,NA,438420769,secondary,FALSE,1779.7230224609375,6.74401100657203,11.839360827749426,4.655525072584364,12848.8720703125,2,1057.361328125,38.39708871525722,67.44314262015732,0,0,0,185.0663607691154,184.7434699841814,2366.15962600708,91.48309326171876,96.23929405212402,96.24419504801432,4.004558988697896,360,-0.455,8.796154092818382,0,277.17977414911456,0,5.224366528116834,1.7326329562894114,4.226003365856376,1.61034929473863,4.527025852263907,0.05861246419257894,0.289667333095159,0.001,-6.906754778648554
XNG-00058,438420778,NA,438420770,secondary,FALSE,1841.3785400390625,5.655541050572728,9.913501262664797,2.403834741864478,6634.38916015625,2,1050.4837646484375,23.568533786076877,41.39730481313214,0,0,0,296.1705029466052,264.55366483781603,3162.4334106445313,60.84074783325195,95.28101348876952,95.3804119655064,3.772945852296682,358,-0.455,9.653967021681591,0,277.6439408914689,0,5.581816947706394,1.224902661314199,3.74708479448951,1.5629636933745952,4.124562497240522,0.06694294805983186,0.426739668267249,0.001,-6.906754778648554
XNG-00059,438420779,NA,438420771,primary,FALSE,1797.2501220703125,8.966940541600072,15.797003596328024,4.655525072584364,12848.8720703125,2,1050.4837646484375,38.184695446004056,67.07008127542807,0,0,0,185.0663607691154,209.50531642846536,2504.4131240844727,60.84074783325195,96.23929405212402,96.05094637189592,3.9878573875392367,361,-0.455,8.88459599021245,0,277.2070710714634,0,5.349510908995739,1.7326329562894114,4.220537781456915,1.6070064362982377,4.124562497240522,0.05910236695919979,0.328633520820477,0.001,-6.906754778648554
XNG-00060,438420779,NA,438420772,primary,FALSE,1797.2501220703125,8.941578427483053,15.75156150705674,4.655525072584364,12848.8720703125,2,1050.4837646484375,38.184695446004056,67.07008127542807,0,0,0,185.0663607691154,209.50531642846536,2504.4131240844727,60.84074783325195,96.23929405212402,96.05094637189592,3.988335624945514,361,-0.455,8.882687468299586,0,277.206565426898,0,5.349510908995739,1.7326329562894114,4.220537781456915,1.6071023120308034,4.124562497240522,0.05909329206539476,0.328633520820477,0.001,-6.906754778648554
XNG-00061,548633447,NA,457032756,unclassified,FALSE,1272.4278564453125,3.879985035836011,6.786984901318605,27.21627661534051,75114.71875,5,1010.8651733398438,134.12368183535816,235.58355347832176,0,0,0,67.80608565030685,67.8060001482516,868.5000228881836,173.8939666748047,99.799560546875,99.80608520507812,1.3429721523631688,25,-0.193,1.1340446661493837,1.2924676108711974,285.3230830694576,0,4.231290952593746,3.33989899637806,5.466301437202277,0.8514202739932969,5.164179885573669,0.20476189153605773,-0.838149539728333,0.999,6.906754778648553
XNG-00062,333522595,Oued El Abd,459349998,secondary,FALSE,2219.76025390625,1.5469304603688858,2.701120673032368,18.412225187946905,50816.25,4,1024.441162109375,101.98418015543,179.1316435011239,0,0,0,311.5837301278211,276.30086837710184,3536.2592163085938,22.860621134440105,80.797393798828125,80.7429692586263,0.4986458683682341,5,-0.455,93.40944125694762,0,320.03225056646926,0,5.625103084160651,2.9659030319262776,5.193687936366108,0.40456194595881056,3.1722294487886056,0.8276935527167877,1.267956596508471,0.001,-6.906754778648554
XNG-00063,1221776064,NA,537812037,tertiary,FALSE,1090.9453125,2.0137139947975395,3.5171150169828387,0.9065226934359636,2501.92919921875,2,1006.0665283203124,11.148344769728384,19.581677451100987,0,0,0,38.94851789435884,38.9549161218122,466.00354766845703,68.80235290527344,93.62859344482422,93.69857570103235,3.5877769642156423,112,-0.998,2.242402324148368,0.2923757013538819,259.0874466638862,0,3.6877517215077966,0.6452810034368569,3.0244012358840955,1.5233955852292567,4.245667718444788,-0.266093785704351,-1.2416209088565577,0.2923757013538819,-0.8838736775008879
XNG-00064,401114574,NA,537812045,primary,FALSE,1073.800048828125,1.7504946681302649,3.056807102332282,4.1587285479292975,11477.75390625,2,1162.7852783203125,38.33602448735696,67.33588544079647,0,0,0,154.11219848142005,154.11253457138204,1975.4999542236328,57.52533721923828,90.80431365966795,90.95487670898436,0.3188054928596056,1,-0.526,1.1402991988332525,0.6715361543601981,226.8367667685603,0,5.04415088298012,1.6406901436906045,4.224435037686977,0.27672639725044546,4.069459775329418,-0.8449025284704524,-1.2797382002355036,0.6715361543601981,0.7151410827729828
XNG-00065,1221776062,NA,537812053,primary,FALSE,1090.1070556640625,1.7725397494066968,3.0956738567754125,0.9535813839832344,2631.807373046875,2,1009.6347045898438,11.602779972069316,20.379876981028403,0,0,0,38.8956820372944,40.22196887742397,481.1630516052246,58.00112533569336,93.55866241455078,93.57766505650112,2.666924511490986,64,-0.998,1.1674679743132808,0.3204063119328913,257.9950887337225,0,3.718971339421645,0.6696642952457902,3.0624501516527682,1.2993533029735564,4.077556517210151,-0.2856985296124094,-1.2434845185785965,0.3204063119328913,-0.7519051868717932
XNG-00066,537827936,NA,537827938,footway,TRUE,1106.209228515625,1.4807882992660295,2.58554245689336,0.21828448997559888,602.447509765625,1,1006.668212890625,3.9448578856505048,6.929004825630489,0,0,0,39.475769300444576,39.21300801061803,469.0909996032715,67.705322265625,93.82696533203124,93.77443640572685,2.9806518507610447,108,-0.998,3.915266190130935,0.3130510341273032,260.5930277594655,0,3.694190525637179,0.1974437134226883,2.070527532895259,1.3814455874838572,4.229826667342929,-0.2390728514513978,-1.2076862231330743,0.3130510341273032,-0.7858937784000832
XNG-00067,537827936,NA,537827942,primary,FALSE,1107,1.462147178171679,2.552862804469674,0.18594280268788452,513.18707275390625,1,1013.7886352539064,3.530152823425198,6.200589896457773,0,0,0,39.5564315957923,39.459214656563546,505.7552719116211,56.36589813232422,93.8757781982422,93.71959533691408,1.890700660359686,67,-0.556,3.344986084939433,0.3288344095769334,260.5922025857682,0,3.7002944211845215,0.1705380723365882,1.9741629527295048,1.0614989157708117,4.049450017579765,-0.23908766099190526,-1.205928182681732,0.3288344095769334,-0.7134615783762595
XNG-00068,548633447,NA,548633463,unclassified,FALSE,1291.044921875,2.47820244484088,4.330888320067349,17.819775451058057,49181.13671875,4,1023.0999755859376,99.46728137399876,174.71079887054864,0,0,0,67.80671988170342,67.81529393291275,810.7046775817871,185.34954833984375,99.86358642578124,99.85239737374442,1.5108297143798353,40,-0.611,1.315810697615801,0.966394947224736,285.717827370102,0,4.231426015771829,2.9349082026863758,5.168839455288112,0.9206132620175592,5.227624202202683,0.21184643837698114,-0.7967601437303948,0.966394947224736,3.358896162836278
XNG-00069,713735561,NA,549593310,unclassified,FALSE,885.96099853515625,4.079201955686916,7.134148521856829,1.0177750033978303,2808.9765625,2,542.796875,7.179906630557519,12.611254735354228,0,0,0,15.469372863794664,15.469466876219055,184.7999973297119,119.92296600341795,64.03900909423828,62.93067932128906,0.682212211194684,4,-0.42,44.64025390914146,0,355.36247810223455,0,2.801508174280042,0.701995420867947,2.6108970045780993,0.5201097195822023,4.795153698252661,1.4617714899258054,-1.6973413324700135,0.001,-6.906754778648554
XNG-00070,328182910,Oued Maoussa,567095279,unclassified,FALSE,2171.912109375,2.498146365548289,4.365261963633603,15.25358968196171,42098.671875,3,1320.509521484375,110.30194463535128,193.74150572948875,0,0,0,387.6400806694835,348.54769592877454,2974.3903198242188,NA,82.76689147949219,81.84635543823242,2.5097220302945873,42,-0.386,123.00135263196756,0,306.6223523594655,0,5.8566400214007945,2.788313787885496,5.271673067519736,1.2555368406935261,NA,0.5870237018172362,1.161580765728371,0.001,-6.906754778648554
XNG-00071,537827936,NA,573314933,tertiary,FALSE,1104,1.09754170820287,1.9165798548439796,0.44232396798577855,1220.7783203125,1,1006.668212890625,6.6059488449550425,11.603117970627164,0,0,0,39.25645081854963,39.12157520178884,467.9966621398926,67.705322265625,93.8232078552246,93.7835944039481,3.1872095949652817,115,-0.998,3.943662759937009,0.30009876063053365,260.67092276396926,0,3.6919142245809398,0.3662556793613537,2.533944241331038,1.4320345442902787,4.229826667342929,-0.23767485581933911,-1.2125977723903127,0.30009876063053365,-0.8468276158918465
XNG-00072,628038037,Oued El Melh,628038039,tertiary,FALSE,1100.3856201171875,1.5808083462364533,2.760273546331069,0.2426202748633825,669.6123046875,1,1280.690185546875,5.22896222246035,9.18448915593641,0,0,0,212.00667033025277,212.006986731767,2717.999954223633,23.06391334533691,89.37757110595703,89.19498291015626,0.3776690519105063,4,-0.508,1.0019988742611845,0.35920858992541244,209.1605517549724,0,5.3613249667290575,0.21722227499863705,2.320865891909982,0.3203929782249805,3.1807133467526723,-1.1621407331248879,-1.2206332493467484,0.35920858992541244,-0.5788007404737406
XNG-00073,274091060,NA,640478418,unclassified,FALSE,1531.18115234375,16.75341341565637,30.98742008489721,9.027157924697336,24914.224609375,3,961.6436767578124,57.438828240622186,100.88929172975848,0,0.01348545350905122,3.872296326474658,258.7145764234391,258.6597106715238,3310.8428344726563,58.62850570678711,99.25694274902344,98.42241058349607,0.6008867419337377,8,-0.245,48.43612265096495,0,332.5088730047153,0.013395334077810421,5.559371968672547,2.305297204362642,4.623886848639612,0.4705576894346234,4.088133743401051,1.0516137358226065,-0.2628900999331605,0.001,-6.906754778648554
XNG-00074,274091060,NA,640478429,unclassified,FALSE,1561.2899169921875,27.02394924607388,51.79842915645865,13.736797824361824,37912.44921875,3,961.6436767578124,78.03864714292625,137.07215273988123,0,0.00474944382400836,5.396550902234673,247.40867171384963,251.70954959791104,3221.884002685547,58.62850570678711,98.34583282470705,97.95635935465496,0.4984900958938692,7,-0.245,48.732625167376426,0,332.37374440768826,0.004738200800375155,5.532240803936984,2.6903476192228473,4.927776394462058,0.40445799840597174,4.088133743401051,1.0491885586291076,-0.19595239765406286,0.001,-6.906754778648554
XNG-00075,328182910,Oued Maoussa,685267085,track,TRUE,2223.9990234375,2.8816556052469156,5.036974988866817,0.2669459532710568,736.74920654296875,1,1170.8916015625,5.1954059302458235,9.125548702965853,0,0,0,274.10304508307075,286.2155108226996,3663.683471679687,32.830684661865234,82.513946533203125,82.9211924235026,1.6003268826434949,29,-0.386,118.60567678389454,0,306.7807407673057,0,5.6602328427585675,0.23660924318452825,2.315061804409738,0.9556371612184767,3.521368220893035,0.5898663270117521,1.277380214389361,0.001,-6.906754778648554
XNG-00076,713760740,Oued Nahr-Ouassel,713805110,secondary,FALSE,NA,NA,NA,0.01,NA,NA,1070.485107421875,0.4377587084351113,0.7689078519766444,NA,NA,NA,NA,NA,NA,NA,NA,NA,0.3360360854906469,1,-0.831,62.60326204788933,NA,366.5839789208701,NA,NA,0.009950330853168083,0.5703623233611104,0.2897070848474775,NA,1.6631657799644644,NA,NA,NA
XNG-00077,328182910,Oued Maoussa,806232895,footway,TRUE,2222.73193359375,7.042735552519895,12.36555272005917,1.2585547046801695,3473.509033203125,1,1248.7724609375,17.021926307172183,29.898417875318103,0,0,0,334.48703900333487,348.5838383746537,4164.608612060547,25.265629529953003,81.2400131225586,81.9595707484654,1.6207786322100353,52,-0.386,120.34800322173103,0,305.8262611205857,0,5.856743413807338,0.8147250975062169,3.430704981146845,0.9634714614878646,3.2682612225159082,0.5727361094130244,1.2745632245954535,0.001,-6.906754778648554
XNG-00078,860401708,NA,860396907,track,TRUE,2032,1.5975585635970622,2.7896207474610386,50.254028189127034,138697.046875,4,991.283203125,206.4020878005187,362.53804416940847,0,0,0,183.26029665473175,183.3077145096313,2190.1736450195313,43.73871612548828,86.94535827636719,86.9840818132673,0.8853713739398282,6,-0.557,76.3233697397583,0,303.64337109819996,0,5.216606722235068,3.9367942137420275,5.8958839522106645,0.6341248168476922,3.8008392593044213,0.5335593902382805,0.8505286441306054,0.001,-6.906754778648554
XNG-00079,860396912,NA,860396913,track,TRUE,2050.002197265625,2.815072898533237,4.919825255201104,4.416761271303872,12189.9033203125,3,985.00555419921875,34.78884437788327,61.105387712265326,0,0,0,183.26243413285923,211.3145523586533,2705.0929260253906,42.40181350708008,86.576446533203125,86.45248718261719,1.101198212872917,8,-0.557,78.14776838150884,0,304.63152336365084,0,5.35806891256188,1.6894980854266013,4.128832743827735,0.7425077595704264,3.770501226110775,0.551293936371368,0.8905510673354885,0.001,-6.906754778648554
XNG-00080,860396916,NA,860396918,secondary,FALSE,2110.634521484375,2.217775238827727,3.875260069109927,1.228435182470842,3390.381591796875,2,984.07830810546875,13.658204430059245,23.99015811179786,0,0,0,139.87480602625618,161.3777180368992,2065.700859069824,24.507776260375977,85.17308044433594,84.94442901611328,0.6041648271024473,5,-0.557,85.96329131775447,0,309.40708744716613,0,5.089925214107934,0.8012996272605163,3.2184820718295613,0.4726032642038039,3.23898335706345,0.6370018424418704,1.0253486425410534,0.001,-6.906754778648554
XNG-00081,860396915,NA,860401710,track,TRUE,2091.319091796875,2.6846437825876124,4.6917505446602314,5.597091289181989,15447.5185546875,2,985.83740234375,41.38455612354361,72.69052457622918,0,0,0,170.01372211152858,196.57675190034567,2516.340286254883,34.211997985839844,85.53041458129883,85.54124501546224,0.21535061250205573,2,-0.557,82.80301731532484,0,307.2659960970341,0,5.286127126066003,1.8866288381292233,4.299874223443069,0.19503260512474868,3.5613868763976995,0.5985752915431118,0.9824066455208662,0.001,-6.906754778648554
XNG-00082,860401711,NA,860401710,track,TRUE,2064.514892578125,1.6812488112006,2.93583787181838,8.317858347445254,22956.615234375,3,989.2825927734376,55.42707760407432,97.35572213798424,0,0,0,179.5780702938665,195.06877325938805,2663.5670471191406,34.926422119140625,86.1579818725586,86.321197509765625,0.4511098135669705,3,-0.557,82.02928785799747,0,305.56403915412284,0,5.278465481661601,2.2319328112448455,4.588590724515086,0.3723286523388277,3.5814730169614286,0.568029964698351,0.9228156417688269,0.001,-6.906754778648554
XNG-00083,860401712,NA,860401714,secondary,FALSE,2180.5830078125,2.9947012361358194,5.234389019713682,3.3286943497408537,9186.9267578125,2,997.90081787109375,28.613796989848165,50.25913307129829,0,0,0,159.38336800596488,159.9881235520232,1911.2172470092771,12.717972755432127,81.9947280883789,82.19927542550224,0.9387122255427236,6,-0.455,89.90369561935114,0,316.00589530758043,0,5.081330595505942,1.4652659606867053,3.9368938084109013,0.6620239513949927,2.6187068530299706,0.7554318319440457,1.1808578773893366,0.001,-6.906754778648554
XNG-00084,860404991,NA,860404992,track,TRUE,2172.849853515625,2.729743425285115,4.770077301123563,0.899427104035462,2482.345947265625,2,992.617919921875,10.958502533474414,19.248226206660192,0,0,0,159.38336800596488,162.5974759383871,1942.382499694824,13.002679824829102,82.25032043457031,82.38861901419503,0.8910980336391586,6,-0.455,89.62386733570789,0,316.3421710320626,0,5.097408995800162,0.6415523165129736,3.0080671949830755,0.6371576305531611,2.639248727356764,0.7614670327504167,1.1636655552849022,0.001,-6.906754778648554
XNG-00085,978765700,NA,867305425,footway,TRUE,1817.8023681640625,5.074227892539718,8.885956252163107,4.655525072584364,12848.8720703125,2,1050.4837646484375,38.184695446004056,67.07008127542807,0,0,0,256.21137344980406,209.50531642846536,2504.4131240844727,60.84074783325195,95.84300231933594,96.05094637189592,3.9729339269032335,361,-0.455,9.008133933870292,0,277.2850385479966,0,5.349510908995739,1.7326329562894114,4.220537781456915,1.6040099932786087,4.124562497240522,0.06050166325978242,0.3743252038321736,0.001,-6.906754778648554
XNG-00086,978765703,NA,867305429,footway,TRUE,1823.939453125,6.072771978932757,10.666980504989624,3.917759278271692,10812.6982421875,2,1050.4837646484375,33.66586348036887,59.13291106455839,0,0,0,256.21137344980406,220.88053431496877,3017.583808898926,60.84074783325195,95.84300231933594,95.90103340148926,3.9431939183089657,360,-0.455,9.170738418174484,0,277.38016102638215,0,5.402139103310008,1.592852995518317,4.096557296727749,1.5980116644492954,4.124562497240522,0.0622088434588309,0.38796915006422467,0.001,-6.906754778648554
XNG-00087,871865455,NA,871865453,secondary,FALSE,1652.0311279296875,6.146465647220611,10.781927246205948,12.425453855878883,34293.24609375,3,1085.5726318359375,80.39874368287344,141.21757972059268,0,0,0,42.20095682868694,43.104359713584465,552.0710525512695,82.778350830078125,98.58231353759766,98.7208491007487,1.7699046915654275,44,-0.382,8.89612395234445,0,279.76937230370805,0,3.786558637284969,2.5971524465928693,4.95735813645508,1.0188129122301979,4.428174630795164,0.10508844724144811,0.005783151216899532,0.001,-6.906754778648554
XNG-00088,747805362,NA,871866047,secondary,FALSE,1683.486572265625,6.6299562843406905,11.661921219965992,11.625128197785214,32084.412109375,3,1070.485107421875,75.67895951621637,132.92744400096117,0,0,0,42.26075520504526,43.246688501382174,516.9681968688965,100.93684387207033,98.19515228271484,98.41199220929828,1.9111460261521689,48,-0.382,8.891629707783482,0,279.3665331183845,0,3.789780532526619,2.535689129389886,4.897298190627663,1.0685468270753016,4.624353443789779,0.09785862005173228,0.0757147871574986,0.001,-6.906754778648554
XNG-00089,747805362,NA,884697670,unclassified,FALSE,1710.935791015625,6.348508558916242,11.153031025040017,0.949846365080346,2621.4990234375,2,1070.1885986328125,12.156806034384822,21.35300437131363,0,0,0,42.55773791718862,45.92103041730057,627.3531303405762,79.05683898925781,97.97703552246094,98.39792346954346,2.1019427352055686,51,-0.382,9.351840516123676,0,279.7030671804493,0,3.848465984697171,0.6677505823335017,3.106960735797934,1.1320286039796825,4.382736869762942,0.10389845728908388,0.13673979611869072,0.001,-6.906754778648554
XNG-00090,747805362,NA,884697672,unclassified,FALSE,1693.1488037109375,7.058917884216752,12.400208735188771,0.13726646716513222,378.8443298339844,1,1062.4847412109375,2.9436597434799987,5.1704353258910185,0,0,0,49.37040559740488,50.55328113941553,690.6297874450684,72.1089096069336,98.07049560546876,98.5912184715271,1.7634975002659126,40,-0.382,10.316534730427,0,280.61110882550867,0,3.9426158580866018,0.12862754717420868,1.8197693906781518,1.016497087737094,4.291950241776463,0.1201952437339566,0.09719582696069183,0.001,-6.906754778648554
XNG-00091,438420779,NA,978765696,footway,TRUE,1797.2501220703125,8.976970705492743,15.815072646086245,4.655525072584364,12848.8720703125,2,1050.4837646484375,38.184695446004056,67.07008127542807,0,0,0,185.0663607691154,209.50531642846536,2504.4131240844727,60.84074783325195,96.23929405212402,96.05094637189592,3.987315502531594,361,-0.455,8.886741136346712,0,277.2076388215648,0,5.349510908995739,1.7326329562894114,4.220537781456915,1.6068977895581467,4.124562497240522,0.05911255647220989,0.328633520820477,0.001,-6.906754778648554
XNG-00092,438420778,NA,978765697,footway,TRUE,1841.3785400390625,5.854114852232091,10.265686231500965,2.403834741864478,6634.38916015625,2,1050.4837646484375,23.568533786076877,41.39730481313214,0,0,0,296.1705029466052,264.55366483781603,3162.4334106445313,60.84074783325195,95.28101348876952,95.3804119655064,3.7773867609588314,358,-0.455,9.646094226533808,0,277.63891866932124,0,5.581816947706394,1.224902661314199,3.74708479448951,1.563893694278661,4.124562497240522,0.06685281333719614,0.426739668267249,0.001,-6.906754778648554
XNG-00093,438420779,NA,978765698,footway,TRUE,1794.4984130859375,8.925230880116308,15.722225039504297,4.655525072584364,12848.8720703125,2,1050.4837646484375,38.184695446004056,67.07008127542807,0,0,0,185.0663607691154,209.50531642846536,2504.4131240844727,60.84074783325195,96.23929405212402,96.05094637189592,3.988545998039579,361,-0.455,8.881669157071155,0,277.20629543359644,0,5.349510908995739,1.7326329562894114,4.220537781456915,1.6071444841447056,4.124562497240522,0.05908844644713352,0.3225159308460782,0.001,-6.906754778648554
XNG-00094,1289679315,NA,1010118738,unclassified,FALSE,1044.0013427734375,1.8145359278342503,3.16917340678358,370.2525337098218,1021867,6,1262.084228515625,1088.980031843051,1912.7553170173296,0,0,0,515.9434712634524,534.0582898011115,6846.588531494141,88.77820587158203,93.885345458984375,94.00941823323568,0.979640181908938,5,0.119,1.364668483395048,0.29701274361704566,153.79892364671858,0,6.282375693860344,5.916882514901221,7.556822725291916,0.6829151018836003,4.497342249545089,-2.155725813092983,-1.345986581312624,0.29701274361704566,-0.8615637184846567
XNG-00095,1289679319,NA,1010118738,unclassified,FALSE,1044.02880859375,2.0363651352553545,3.556805626150559,259.7075092828515,716771.6875,6,1262.084228515625,840.6012626235535,1476.4867009117168,0,0,0,515.9434712634524,446.2845852239493,5721.327362060547,88.77820587158203,93.885345458984375,94.08230438232422,0.973183040832684,5,0.119,0.9801964955067026,0.3731644961346613,153.7044587456656,0,6.103195048016117,5.563399124831684,7.298097748164763,0.6796479955871582,4.497342249545089,-2.157421191633574,-1.3459255193951258,0.3731644961346613,-0.5186648210981513
XNG-00096,328540997,NA,1010513078,unclassified,FALSE,2322.7021484375,1.9545951045529788,3.413798292708951,3.2329144637257503,8922.58203125,2,1201.043212890625,32.78837351572736,57.59163064947425,0,0,0,211.0883872601498,209.99006867835277,2508.4004821777344,NA,77.034271240234375,77.01675469534737,1.6664865486378624,17,-0.557,126.14727219898865,0,317.8470421084166,0,5.3518110644932335,1.442890754324405,4.070591864701653,0.9807617064697083,NA,0.7884752241608484,1.4968166632909408,0.001,-6.906754778648554
XNG-00097,460592787,Oued Froha,1016450374,secondary,FALSE,1961.18896484375,3.5276854249902745,6.17147039689801,58.79742885038621,162276.140625,4,1365.7625732421875,303.94273703770654,533.8647811142444,0,0,0,566.2054822207143,548.6952505222469,3746.390625,11.24462366104126,89.98086166381836,89.7181749343872,0.6544452807767482,6,-0.386,115.22448574022128,0,296.70877490512606,0,6.309364034702395,4.0909626642193,6.282013969369608,0.5034657748659999,2.5050869558396496,0.40910294723828605,0.6931017936865851,0.001,-6.906754778648554
XNG-00098,1026373773,NA,1026373772,unclassified,FALSE,1432.428955078125,4.729790372125218,8.285312688752507,0.10725076305399538,296.00341796875,NA,816.30523681640625,1.9649804756649456,3.4514194409076753,0,0,0,45.88271238906923,47.4381763427033,648.201774597168,163.7728271484375,99.98766326904295,99.9662446975708,0.31841082083879013,5,-0.621,3.1039670992694246,0.26411189385550715,305.5704665113912,0,3.8802882702202783,0.10188015296430211,1.4932230208011552,0.2764270876930824,5.104567720072517,0.5681453176332932,-0.48243564612733686,0.26411189385550715,-1.0247052237630772
XNG-00099,1026373773,NA,1026419665,track,TRUE,1350.88427734375,2.406219678313545,4.203476232759068,24.00678193999023,66256.7734375,4,761.69549560546875,96.21642584066922,169.00078489012014,0,0,0,34.414139813078265,35.951964390854535,429.83742904663086,242.1275177001953,99.85462951660156,99.86061477661131,0.39121053278130113,2,-0.347,7.556338584822065,0.26213229019467477,318.1401731037008,0,3.6096188094683503,3.2191470656786954,5.13580305404031,0.3301742550336618,5.493586069898302,0.7937360987655674,-0.663725493929572,0.26213229019467477,-1.0349152527892216
XNG-00100,1046215907,NA,1046215905,secondary,FALSE,1338.4495849609375,2.4391709010788176,4.262420061369275,18.08137025531702,49903.1171875,4,787.0792236328125,80.44254795832467,141.29452039748978,0,0,0,36.652069730993425,36.652164021961006,438.19998931884766,222.05914306640625,99.90223693847656,99.88842609950474,0.4791076771525377,4,-0.307,6.111537080567701,0.22933144480727172,307.96748431924885,0,3.628390429937065,2.948712479757878,4.95789899695796,0.3914389851032827,5.407436951841116,0.6111650266210445,-0.6913702593781624,0.22933144480727172,-1.212090077251437
XNG-00101,1046217923,NA,1046215906,secondary,FALSE,1355.4041748046875,2.853124423938639,4.987517946607927,1.014696795127866,2800.48095703125,2,832.7080078125,10.307078405902155,18.104022523202023,0,0,0,36.65108741238755,43.86896513704459,599.4262466430664,189.91343688964844,99.95374298095705,99.93552255630492,0.3238657627120654,1,-0.307,2.262230044863812,0.1854144670385203,302.1942292615195,0,3.803746356139231,0.7004687101943635,2.949898916187827,0.2805560646950293,5.251820115314096,0.5075513814985848,-0.6536768733998026,0.1854144670385203,-1.4800857537937526
XNG-00102,1046217924,NA,1046215906,secondary,FALSE,1383.489013671875,3.630119738190673,6.350907952979553,0.10581567605072892,292.0426940917969,1,844.69940185546875,2.0031322622706726,3.5184317189568044,0,0,0,64.3551973163326,62.74608172185368,803.7882118225098,185.4765167236328,99.96268463134766,99.92271626790364,0.3243655148501431,1,-0.307,2.5895331847239844,0.16677682042913486,300.6464780292621,0,4.1549077189629875,0.10058323102914399,1.5081649688053502,0.28093348803282037,5.228305315464847,0.479773612230922,-0.591238755974557,0.16677682042913486,-1.6086450149203246
XNG-00103,1026373773,NA,1046217925,secondary,FALSE,1302.5777587890625,4.768247673457319,8.348781524734063,1.793583800325523,4950.14599609375,2,891.4283447265625,16.553184416016457,29.075089147150848,0,0,0,80.3244274500159,80.32410193724608,1028.9999771118164,232.71112060546875,99.82176971435548,99.8091318766276,0.322687794512319,3,-0.264,4.596679753347711,0.2731908266065464,294.6917915685997,0,4.398442429411828,1.027325287793785,3.4036972260176412,0.27966587430056716,5.454085825374039,0.37290378514359146,-0.7711203802661384,0.2731908266065464,-0.9784934085043869
XNG-00104,713735561,NA,1083270567,secondary,FALSE,1237.98828125,21.12429317586562,39.16688595940085,3.046559993363392,8408.2587890625,2,694.63525390625,19.71358741689333,34.626226419717476,0,0,0,15.469372863794664,15.714836555405428,187.73344039916992,220.34133911132813,96.36164855957033,93.19047491891044,0.6641352350858358,7,-0.24,43.958323474898485,0,351.5229533816441,0,2.8162967415057034,1.3978671358324446,3.573082063812891,0.509305610181939,5.399706030837892,1.3928628503697622,-0.9147154851585138,0.001,-6.906754778648554
XNG-00105,374802616,NA,1085382786,tertiary,FALSE,2464.23681640625,3.3059633752878974,5.779650599115035,2.202358854234338,6078.33203125,2,1209.19970703125,24.9185569931766,43.7685733322678,0,0,0,202.87472436641735,206.13024390221304,879.3860321044922,NA,69.32012176513672,69.46016845703124,1.2725418553907175,13,-0.386,133.89676516901125,0,319.18712108976183,0,5.333347792998786,1.1638876801982274,3.8015064051440017,0.8208989651136207,NA,0.8125258622533537,1.8114760515881878,0.001,-6.906754778648554
XNG-00106,337887956,NA,1085645719,primary,FALSE,1596.3902587890625,3.3687110220970125,5.898195969677251,1.7772665896387696,4905.11181640625,2,913.54144287109375,16.789186597483088,29.489618719987902,0,0,0,83.65183906940698,82.53522270801074,1127.150478363037,48.536155700683594,99.6764144897461,99.54249238967896,1.92736309470623,52,-0.245,28.57031196308416,0,317.5326817816065,0,4.425268371750489,1.021467202866758,3.4173862558379433,1.0741020501378735,3.9027028211447266,0.7828333429314595,-0.11791743818203042,0.001,-6.906754778648554
XNG-00107,628038037,Oued El Melh,1087463662,tertiary,FALSE,1080.091796875,2.1924047546331273,3.829728055831998,0.4481199569265359,1236.7747802734375,2,1327.05712890625,8.434615001063209,14.815106079560326,0,0,0,192.0039143635341,200.7300448085661,2573.370849609375,0.07288366556167603,87.20645904541016,87.13912353515624,0.3253377344130148,3,-0.038,1.0292104218813305,0.7074850595297856,199.9545026619307,0,5.306930391767715,0.3702661337135271,2.7609655642634334,0.28166732085487034,0.07035003797730538,-1.327363349165263,-1.265750407561364,0.7074850595297856,0.883200768123937
XNG-00108,467543100,NA,1103134695,unclassified,FALSE,1682.2847900390625,4.323100596335199,7.576293967829811,11.458161538875949,31623.59765625,4,1764.5958251953125,114.52323995547803,201.15606323483385,0,0,0,683.1083064999453,636.3768513755064,7606.771301269531,36.18085861206055,83.2265853881836,84.508850642613,0.7530266913487299,5,-0.386,74.48804011671479,0,262.8750778466546,0,6.457361084059089,2.5223759534260015,5.309039989378426,0.5613438319205746,3.615794075411818,-0.1981164887892064,0.07304298903408651,0.001,-6.906754778648554
XNG-00109,1221776059,NA,1162864291,track,TRUE,1079.554443359375,1.4257957164284796,2.489349194737368,65.61856995003538,181101.9375,5,1028.917236328125,258.8476169464597,454.6567807801307,0,0,0,101.94428901080988,88.18889791555749,1130.3427085876465,53.52176284790039,93.14273834228516,93.22376505533856,0.8091323082548614,6,-0.305,1.897503555324847,0.1814157177994753,254.91853659956075,0,4.49075656900975,4.198983366759628,6.1217398523855175,0.592847342630216,3.998599940272959,-0.3409139631663117,-1.2669450500539245,0.1814157177994753,-1.506785181930892
XNG-00110,400120623,Chabet el Barda,1177227643,unclassified,FALSE,1817.2969970703125,2.902837696370114,5.072750974237249,601.499764738632,1660090.625,6,1070.6846923828125,1349.4148984064464,2370.2000462037217,0,0.00791589687006515,4.157600038135424,1015.4565052873232,894.5947459529037,12219.1982421875,3.777536869049072,93.38861846923828,93.15935230255128,1.9908847153122955,37,-0.455,35.58809752693532,0,287.0316078345282,0.007884730523453202,6.797488018196566,6.401087274889434,7.771151454587143,1.09556923504416,1.5639251143289021,0.23542509226438035,0.37320166455021053,0.001,-6.906754778648554
XNG-00111,440826721,NA,1177851851,unclassified,FALSE,1898.9879150390625,3.723816294309705,6.5139058842215425,4.592768829058574,12675.669921875,3,1053.097412109375,37.88819978705173,66.5492970263599,0,0,0,419.1184415021764,454.35926840775664,5430.894714355469,48.9734001159668,92.99090003967284,92.8179555620466,0.32814600955503104,1,-0.455,17.90099474411659,0,282.96753915954815,0,6.121086708276332,1.7214744827947597,4.212857657636438,0.28378399196460835,3.911490866186507,0.16248652204151787,0.554816633139835,0.001,-6.906754778648554
XNG-00112,1221776066,NA,1218995544,tertiary,FALSE,1092.0263671875,1.5318849208916343,2.6751373437948005,70.59706185858174,194842.171875,5,997.27667236328125,265.88804326340846,467.0230432257523,0,0,0,38.485451258921906,38.86750958535895,464.9573745727539,68.75238037109375,93.7095718383789,93.72347695486886,3.723599479964567,122,-0.998,2.8341002239154434,0.2699123752606036,259.67731462425706,0,3.6855616960703608,4.271054037629953,6.148517532367377,1.5525711106519542,4.2449515473032955,-0.25550731950740946,-1.2392175117838369,0.2699123752606036,-0.9950671905752213
XNG-00113,1221776068,NA,1219359892,unclassified,FALSE,1092.4271240234375,2.060887486782185,3.5994869366634723,71.5019514155995,197339.59375,5,997.27667236328125,268.3716482622224,471.385408492278,0,0,0,38.485451258921906,38.85962056208292,498.0664710998535,68.75238037109375,93.7095718383789,93.79471537272136,3.6661611349206416,122,-0.998,3.3828879241076275,0.24321868063753063,260.22858803885424,0,3.685363795473984,4.283613477575632,6.157795195811188,1.5403367068479312,4.2449515473032955,-0.24561351655320843,-1.2383265505609662,0.24321868063753063,-1.1351133747412674
XNG-00114,1221776056,NA,1221776058,tertiary,FALSE,1094.593994140625,2.4873130429316967,4.347465584558599,36.42878658910831,100540.5,4,1000.2792358398438,164.4557110020598,288.86070123863544,0,0,0,38.5003236358378,38.83552347727501,464.5721092224121,62.079063415527344,93.8774642944336,93.86327362060548,2.7222694967468075,95,-0.556,4.2423141349736735,0.25834930673071743,261.7039009937848,0,3.684759063885059,3.622440103253223,5.66940046702361,1.3143335620326946,4.144388914418463,-0.21913581005519214,-1.2335091723498246,0.25834930673071743,-1.0545657972556008
XNG-00115,400119430,Oued et Tat,1225545292,primary,FALSE,1833.163330078125,3.116047661879967,5.445668283550218,3.7862011257794976,10449.6083984375,3,1072.80029296875,33.428816138726,58.716545704447206,0,0,0,798.3665059530464,821.4537720305646,9817.513854980469,8.491310119628906,93.6027374267578,93.2383302961077,0.48093433043237827,6,-0.455,39.771663409538824,0,286.773605799482,0,6.712292276841852,1.5657370123766086,4.0896091294784664,0.39267319293346453,2.250376655741382,0.23079468341654064,0.40847564166414996,0.001,-6.906754778648554
XNG-00116,309968799,NA,1289687112,unclassified,FALSE,1054.074951171875,3.3306330597575973,5.824799319882604,0.28572834897037863,788.58709716796875,1,1252.08544921875,5.779976390465349,10.15232625926664,0,0,0,398.323635959643,451.7054284738618,5404.793640136719,92.82149505615234,94.25276374816896,94.26345389229913,0.7437191543366584,4,0.292,0.8885840050936678,0.38371168251614735,152.57407835574247,0,6.115241645697302,0.2513253663091579,2.41164810926335,0.5560202771617819,4.5413939881405625,-2.177708331453956,-1.3235909696784607,0.38371168251614735,-0.473823458101419
XNG-00117,309968802,NA,1289687112,unclassified,FALSE,1067.3372802734375,3.278338767671853,5.733638239040803,0.638865814527984,1763.2178955078125,2,1281.4056396484375,10.606545023147934,18.6300251565438,0,0,0,375.46783547507783,375.4682282585935,4492.599914550781,77.768157958984375,94.93262481689452,94.81061826433454,0.4048456629616397,3,0.292,1.1473989151451272,0.6844300584005827,151.14699215914004,0,5.930833656583788,0.49400442607943496,2.977060289823147,0.33992744832604965,4.366508828383837,-2.20332050366103,-1.2941062051159309,0.6844300584005827,0.7742061180443981
XNG-00118,1289687111,NA,1289687112,unclassified,FALSE,1051.6890869140625,2.9267553739076435,5.11609377278838,4.292008826940248,11845.5966796875,3,1283.89404296875,42.6759608474351,74.95883178096658,0,0,0,375.46783547507783,375.4674688876732,4492.599914550781,78.37669372558594,94.93055725097656,94.9476193019322,0.7032823540567347,4,0.068,0.6116878569290511,0.6277957652432727,149.78131018037803,0,5.930831639490102,1.6661979142294452,4.33019150642833,0.5325571859744135,4.3742047952602965,-2.2278306433452517,-1.3288952149117863,0.6277957652432727,0.5227721772126335
XNG-00119,1290988868,NA,1289687112,unclassified,FALSE,1042,0.3722230053196545,0.6497616437042382,354.8388113840697,979326.375,6,1259.8309326171875,1054.094144573744,1851.4794768622996,0,0,0,656.0991028449778,553.8903537542348,6627.470184326172,82.978729248046875,93.93012237548828,94.09166717529295,0.7779243541547342,5,-0.618,0.925360314558325,0.27076972231972474,153.26587211620674,0,6.318770533425548,5.874477851306528,7.524280278492031,0.5754465907168503,4.430563543539359,-2.165292584621723,-1.3504359597009774,0.27076972231972474,-0.9907208372058652
XNG-00120,1290988873,NA,1289687112,unclassified,FALSE,1059.0875244140625,2.477649366439775,4.3292772281308505,0.17219424127451283,475.2421569824219,1,1270.4581298828125,4.043441434755134,7.102163379696148,0,0,0,375.46919711034656,436.5016759013593,5222.880340576172,77.76188659667969,94.2337875366211,94.34761428833008,0.6917920773841878,4,0.292,0.6431417463873043,0.4237661732882886,152.34181407656033,0,6.081080536422011,0.1588774122981778,2.0921311099309388,0.5257883679262196,4.3664292072255275,-2.18187682017603,-1.3124470340419274,0.4237661732882886,-0.30733170245477853
XNG-00121,1291369953,NA,1291369952,unclassified,FALSE,1054.01513671875,2.302574713966426,4.022880020912956,1.0034832463221288,2769.532470703125,2,1343.837646484375,15.356365275035811,26.972918208768785,0,0,0,375.46521697347254,371.140369875388,5075.260559082031,93.82140350341795,95.0734634399414,95.0241379737854,0.6499452274193637,3,0.229,1.396001888748906,0.4487674100647145,148.03311431677142,0,5.919271121473625,0.6948872888540221,3.331236835299169,0.5007420918580904,4.551995159130067,-2.2592058284020387,-1.3237239489654564,0.4487674100647145,-0.20565210752696564
XNG-00122,1416508945,NA,1416417552,secondary,FALSE,2038.6219482421875,8.341839299645535,14.682478810465613,35.56485158557048,98156.109375,3,1143.5989990234375,181.0795018736131,318.0598081540601,0,0,0,270.0420592868315,274.014529077598,3743.8924865722656,25.9008846282959,89.14373016357422,88.64370250701904,0.8158975214785754,19,-0.557,10.103444616489089,0,262.6045137786027,0,5.616823929280405,3.599087439794138,5.765378571587834,0.59657984768295,3.2921591718773233,-0.20297235069894234,0.8652505367462209,0.001,-6.906754778648554
XNG-00123,337887956,NA,1416420059,primary,FALSE,1596.8955078125,3.9431185535220226,6.914094046278058,1.7772665896387696,4905.11181640625,2,913.54144287109375,16.789186597483088,29.489618719987902,0,0,0,83.65183906940698,82.53522270801074,1127.150478363037,48.536155700683594,99.6764144897461,99.54249238967896,1.9279022887691477,52,-0.245,28.56835517616136,0,317.5189538494093,0,4.425268371750489,1.021467202866758,3.4173862558379433,1.0742862242202178,3.9027028211447266,0.7825869652674333,-0.11679417028636738,0.001,-6.906754778648554
XNG-00124,1416508949,NA,1416508942,primary,FALSE,2021.61474609375,10.059588762216787,17.798447431519975,35.22781440627207,97225.9140625,3,1143.5989990234375,179.82518732007281,315.856648535572,0,0,0,270.0420592868315,271.3895953283967,3476.2820434570313,25.9008846282959,89.14373016357422,88.21873881022135,0.81318261084831,19,-0.557,9.955279242575813,0,262.52089040632995,0,5.607233377247757,3.58982717756351,5.7584494587766875,0.5950836497276885,3.2921591718773233,-0.20447315437589297,0.827440183272565,0.001,-6.906754778648554
